{
    "version": "0.4",
    "title": "Contact Us",
    "type": "page",
    "metadata": {
        "template_type": "single-page",
        "include_in_zip": "1",
        "elementor_pro_required": "1",
        "wp_page_template": "elementor_header_footer"
    },
    "content": [
        {
            "id": "4b8fe0f2",
            "settings": {
                "background_background": "classic",
                "padding": {
                    "unit": "em",
                    "top": "3",
                    "right": "0",
                    "bottom": "3",
                    "left": "0",
                    "isLinked": false
                },
                "padding_tablet": {
                    "unit": "em",
                    "top": "",
                    "right": "",
                    "bottom": "",
                    "left": "",
                    "isLinked": true
                },
                "padding_mobile": {
                    "unit": "em",
                    "top": "1",
                    "right": "0",
                    "bottom": "1",
                    "left": "0",
                    "isLinked": false
                },
                "__globals__": {
                    "background_color": "globals\/colors?id=cfa1f76"
                },
                "content_width": {
                    "unit": "px",
                    "size": 840,
                    "sizes": []
                }
            },
            "elements": [
                {
                    "id": "66735c90",
                    "settings": {
                        "_column_size": 100,
                        "_inline_size": null,
                        "padding_mobile": {
                            "unit": "em",
                            "top": "1",
                            "right": "1",
                            "bottom": "1",
                            "left": "1",
                            "isLinked": true
                        },
                        "padding": {
                            "unit": "em",
                            "top": "",
                            "right": "",
                            "bottom": "",
                            "left": "",
                            "isLinked": true
                        },
                        "padding_tablet": {
                            "unit": "em",
                            "top": "",
                            "right": "",
                            "bottom": "",
                            "left": "",
                            "isLinked": true
                        }
                    },
                    "elements": [
                        {
                            "id": "677bc0eb",
                            "settings": {
                                "title": "",
                                "header_size": "h1",
                                "align": "center",
                                "__dynamic__": {
                                    "title": "[elementor-tag id=\"5140632\" name=\"post-title\" settings=\"%7B%7D\"]"
                                },
                                "_animation": "fadeInUp"
                            },
                            "elements": [],
                            "isInner": false,
                            "widgetType": "heading",
                            "elType": "widget"
                        },
                        {
                            "id": "733e4023",
                            "settings": {
                                "title": "Get in touch and let us know how we can help.\n",
                                "header_size": "h4",
                                "align": "center",
                                "__dynamic__": [],
                                "_animation": "fadeInDown"
                            },
                            "elements": [],
                            "isInner": false,
                            "widgetType": "heading",
                            "elType": "widget"
                        }
                    ],
                    "isInner": false,
                    "elType": "column"
                }
            ],
            "isInner": false,
            "elType": "section"
        },
        {
            "id": "5f1ac3e5",
            "settings": {
                "structure": "20",
                "padding": {
                    "unit": "em",
                    "top": "5",
                    "right": "0",
                    "bottom": "5",
                    "left": "0",
                    "isLinked": false
                },
                "padding_tablet": {
                    "unit": "em",
                    "top": "3",
                    "right": "0",
                    "bottom": "3",
                    "left": "0",
                    "isLinked": false
                },
                "padding_mobile": {
                    "unit": "em",
                    "top": "2",
                    "right": "0",
                    "bottom": "2",
                    "left": "0",
                    "isLinked": false
                }
            },
            "elements": [
                {
                    "id": "62ee1c6d",
                    "settings": {
                        "_column_size": 50,
                        "_inline_size": null,
                        "padding": {
                            "unit": "em",
                            "top": "3",
                            "right": "3",
                            "bottom": "3",
                            "left": "3",
                            "isLinked": true
                        },
                        "padding_tablet": {
                            "unit": "em",
                            "top": "2",
                            "right": "2",
                            "bottom": "2",
                            "left": "2",
                            "isLinked": true
                        },
                        "padding_mobile": {
                            "unit": "em",
                            "top": "",
                            "right": "",
                            "bottom": "",
                            "left": "",
                            "isLinked": true
                        },
                        "animation": "fadeInLeft"
                    },
                    "elements": [
                        {
                            "id": "7910eb62",
                            "settings": {
                                "title": "Get in touch",
                                "header_size": "h6"
                            },
                            "elements": [],
                            "isInner": false,
                            "widgetType": "heading",
                            "elType": "widget"
                        },
                        {
                            "id": "6ac028ca",
                            "settings": {
                                "title": "Have other questions?\n"
                            },
                            "elements": [],
                            "isInner": false,
                            "widgetType": "heading",
                            "elType": "widget"
                        },
                        {
                            "id": "4d69161b",
                            "settings": [],
                            "elements": [],
                            "isInner": false,
                            "widgetType": "text-editor",
                            "elType": "widget"
                        },
                        {
                            "id": "30d96c8a",
                            "settings": {
                                "structure": "20",
                                "margin": {
                                    "unit": "em",
                                    "top": "0",
                                    "right": 0,
                                    "bottom": "1",
                                    "left": 0,
                                    "isLinked": false
                                },
                                "margin_tablet": {
                                    "unit": "em",
                                    "top": "",
                                    "right": "",
                                    "bottom": "",
                                    "left": "",
                                    "isLinked": true
                                },
                                "margin_mobile": {
                                    "unit": "em",
                                    "top": "",
                                    "right": "",
                                    "bottom": "",
                                    "left": "",
                                    "isLinked": true
                                }
                            },
                            "elements": [
                                {
                                    "id": "538f9800",
                                    "settings": {
                                        "_column_size": 50,
                                        "_inline_size": 60,
                                        "padding": {
                                            "unit": "px",
                                            "top": "10",
                                            "right": "10",
                                            "bottom": "10",
                                            "left": "0",
                                            "isLinked": false
                                        },
                                        "_inline_size_tablet": 100
                                    },
                                    "elements": [
                                        {
                                            "id": "656e988e",
                                            "settings": {
                                                "selected_icon": {
                                                    "value": "icons icon-envelope",
                                                    "library": "skb_cife-simple_line-icon"
                                                },
                                                "view": "stacked",
                                                "title_text": "Email us",
                                                "description_text": "support@yourdomain.tld",
                                                "position": "left",
                                                "title_size": "h5",
                                                "icon_space": {
                                                    "unit": "px",
                                                    "size": 14,
                                                    "sizes": []
                                                },
                                                "icon_size": {
                                                    "unit": "px",
                                                    "size": 28,
                                                    "sizes": []
                                                },
                                                "border_radius": {
                                                    "unit": "px",
                                                    "top": "3",
                                                    "right": "3",
                                                    "bottom": "3",
                                                    "left": "3",
                                                    "isLinked": true
                                                },
                                                "content_vertical_alignment": "middle",
                                                "title_bottom_space": {
                                                    "unit": "px",
                                                    "size": 0,
                                                    "sizes": []
                                                },
                                                "_element_custom_width": {
                                                    "unit": "%",
                                                    "size": 60,
                                                    "sizes": []
                                                },
                                                "__globals__": {
                                                    "primary_color": "globals\/colors?id=cfa1f76",
                                                    "secondary_color": "globals\/colors?id=d49ac81"
                                                },
                                                "position_mobile": "left"
                                            },
                                            "elements": [],
                                            "isInner": false,
                                            "widgetType": "icon-box",
                                            "elType": "widget"
                                        }
                                    ],
                                    "isInner": true,
                                    "elType": "column"
                                },
                                {
                                    "id": "f4c37b",
                                    "settings": {
                                        "_column_size": 50,
                                        "_inline_size": 40,
                                        "padding": {
                                            "unit": "px",
                                            "top": "10",
                                            "right": "10",
                                            "bottom": "10",
                                            "left": "0",
                                            "isLinked": false
                                        },
                                        "_inline_size_tablet": 100
                                    },
                                    "elements": [
                                        {
                                            "id": "4e06e555",
                                            "settings": {
                                                "selected_icon": {
                                                    "value": "icon icon-phone1",
                                                    "library": "ekiticons"
                                                },
                                                "view": "stacked",
                                                "title_text": "Call us",
                                                "description_text": "+6221.2002.2012",
                                                "position": "left",
                                                "title_size": "h5",
                                                "icon_space": {
                                                    "unit": "px",
                                                    "size": 14,
                                                    "sizes": []
                                                },
                                                "icon_size": {
                                                    "unit": "px",
                                                    "size": 28,
                                                    "sizes": []
                                                },
                                                "border_radius": {
                                                    "unit": "px",
                                                    "top": "3",
                                                    "right": "3",
                                                    "bottom": "3",
                                                    "left": "3",
                                                    "isLinked": true
                                                },
                                                "content_vertical_alignment": "middle",
                                                "title_bottom_space": {
                                                    "unit": "px",
                                                    "size": 0,
                                                    "sizes": []
                                                },
                                                "_element_custom_width": {
                                                    "unit": "%",
                                                    "size": 40,
                                                    "sizes": []
                                                },
                                                "__globals__": {
                                                    "primary_color": "globals\/colors?id=cfa1f76",
                                                    "secondary_color": "globals\/colors?id=d49ac81"
                                                },
                                                "position_mobile": "left"
                                            },
                                            "elements": [],
                                            "isInner": false,
                                            "widgetType": "icon-box",
                                            "elType": "widget"
                                        }
                                    ],
                                    "isInner": true,
                                    "elType": "column"
                                }
                            ],
                            "isInner": true,
                            "elType": "section"
                        },
                        {
                            "id": "48711158",
                            "settings": {
                                "selected_icon": {
                                    "value": "icon icon-map-marker1",
                                    "library": "ekiticons"
                                },
                                "view": "stacked",
                                "title_text": "Location",
                                "description_text": "Jln Cempaka Wangi No.22 <\/br>\nJakarta - Indonesia",
                                "position": "left",
                                "title_size": "h5",
                                "icon_space": {
                                    "unit": "px",
                                    "size": 14,
                                    "sizes": []
                                },
                                "icon_size": {
                                    "unit": "px",
                                    "size": 28,
                                    "sizes": []
                                },
                                "border_radius": {
                                    "unit": "px",
                                    "top": "3",
                                    "right": "3",
                                    "bottom": "3",
                                    "left": "3",
                                    "isLinked": true
                                },
                                "content_vertical_alignment": "middle",
                                "title_bottom_space": {
                                    "unit": "px",
                                    "size": 0,
                                    "sizes": []
                                },
                                "_element_custom_width": {
                                    "unit": "%",
                                    "size": 60,
                                    "sizes": []
                                },
                                "__globals__": {
                                    "primary_color": "globals\/colors?id=bb890b8",
                                    "secondary_color": "globals\/colors?id=text"
                                },
                                "position_mobile": "left"
                            },
                            "elements": [],
                            "isInner": false,
                            "widgetType": "icon-box",
                            "elType": "widget"
                        },
                        {
                            "id": "5e5dc248",
                            "settings": {
                                "text": "Divider",
                                "gap": {
                                    "unit": "px",
                                    "size": 7,
                                    "sizes": []
                                },
                                "__globals__": {
                                    "color": "globals\/colors?id=4d462f5"
                                }
                            },
                            "elements": [],
                            "isInner": false,
                            "widgetType": "divider",
                            "elType": "widget"
                        },
                        {
                            "id": "415b644c",
                            "settings": {
                                "title": "Follow our social media : ",
                                "header_size": "h5",
                                "_padding": {
                                    "unit": "px",
                                    "top": "10",
                                    "right": "10",
                                    "bottom": "10",
                                    "left": "0",
                                    "isLinked": false
                                },
                                "_element_width": "auto",
                                "_element_vertical_align": "center"
                            },
                            "elements": [],
                            "isInner": false,
                            "widgetType": "heading",
                            "elType": "widget"
                        },
                        {
                            "id": "70ab9ab6",
                            "settings": {
                                "social_icon_list": [
                                    {
                                        "social_icon": {
                                            "value": "fab fa-facebook-f",
                                            "library": "fa-brands"
                                        },
                                        "_id": "17f578b"
                                    },
                                    {
                                        "social_icon": {
                                            "value": "fab fa-instagram",
                                            "library": "fa-brands"
                                        },
                                        "_id": "4a1b872"
                                    },
                                    {
                                        "social_icon": {
                                            "value": "fab fa-twitter",
                                            "library": "fa-brands"
                                        },
                                        "_id": "6afe36e"
                                    },
                                    {
                                        "social_icon": {
                                            "value": "fab fa-youtube",
                                            "library": "fa-brands"
                                        },
                                        "_id": "248faab"
                                    }
                                ],
                                "align": "",
                                "icon_color": "custom",
                                "icon_size": {
                                    "unit": "px",
                                    "size": 16,
                                    "sizes": []
                                },
                                "_padding": {
                                    "unit": "px",
                                    "top": "10",
                                    "right": "10",
                                    "bottom": "10",
                                    "left": "10",
                                    "isLinked": true
                                },
                                "_element_width": "auto",
                                "_element_vertical_align": "center",
                                "__globals__": {
                                    "icon_primary_color": "globals\/colors?id=cfa1f76",
                                    "icon_secondary_color": "globals\/colors?id=d49ac81"
                                },
                                "_padding_tablet": {
                                    "unit": "px",
                                    "top": "10",
                                    "right": "10",
                                    "bottom": "10",
                                    "left": "0",
                                    "isLinked": false
                                }
                            },
                            "elements": [],
                            "isInner": false,
                            "widgetType": "social-icons",
                            "elType": "widget"
                        }
                    ],
                    "isInner": false,
                    "elType": "column"
                },
                {
                    "id": "69bb352b",
                    "settings": {
                        "_column_size": 50,
                        "_inline_size": null,
                        "background_background": "classic",
                        "border_radius": {
                            "unit": "px",
                            "top": "5",
                            "right": "5",
                            "bottom": "5",
                            "left": "5",
                            "isLinked": true
                        },
                        "box_shadow_box_shadow_type": "yes",
                        "box_shadow_box_shadow": {
                            "horizontal": 0,
                            "vertical": 30,
                            "blur": 60,
                            "spread": 0,
                            "color": "rgba(0, 0, 0, 0.1)"
                        },
                        "padding": {
                            "unit": "em",
                            "top": "3",
                            "right": "3",
                            "bottom": "3",
                            "left": "3",
                            "isLinked": true
                        },
                        "padding_tablet": {
                            "unit": "em",
                            "top": "3",
                            "right": "3",
                            "bottom": "3",
                            "left": "3",
                            "isLinked": true
                        },
                        "padding_mobile": {
                            "unit": "em",
                            "top": "2",
                            "right": "2",
                            "bottom": "2",
                            "left": "2",
                            "isLinked": true
                        },
                        "__globals__": {
                            "background_color": "globals\/colors?id=text"
                        },
                        "margin_tablet": {
                            "unit": "px",
                            "top": "10",
                            "right": "10",
                            "bottom": "10",
                            "left": "10",
                            "isLinked": true
                        },
                        "animation": "fadeInRight"
                    },
                    "elements": [
                        {
                            "id": "3e36321f",
                            "settings": {
                                "title": "Have a question?",
                                "header_size": "h6"
                            },
                            "elements": [],
                            "isInner": false,
                            "widgetType": "heading",
                            "elType": "widget"
                        },
                        {
                            "id": "5e91b881",
                            "settings": {
                                "title": "Send us a message"
                            },
                            "elements": [],
                            "isInner": false,
                            "widgetType": "heading",
                            "elType": "widget"
                        },
                        {
                            "id": "716fc59a",
                            "settings": [],
                            "elements": [],
                            "isInner": false,
                            "widgetType": "text-editor",
                            "elType": "widget"
                        },
                        {
                            "id": "3bc96304",
                            "settings": {
                                "form_name": "New Form",
                                "form_fields": [
                                    {
                                        "custom_id": "name",
                                        "field_label": "Name",
                                        "placeholder": "Name",
                                        "width": "50",
                                        "dynamic": {
                                            "active": true
                                        },
                                        "_id": "1a78b3f"
                                    },
                                    {
                                        "custom_id": "field_0233c65",
                                        "field_type": "tel",
                                        "field_label": "Phone",
                                        "placeholder": "Phone",
                                        "width": "50",
                                        "dynamic": {
                                            "active": true
                                        },
                                        "_id": "0233c65"
                                    },
                                    {
                                        "custom_id": "email",
                                        "field_type": "email",
                                        "required": "true",
                                        "field_label": "Email",
                                        "placeholder": "Email",
                                        "_id": "06a8cc2"
                                    },
                                    {
                                        "custom_id": "message",
                                        "field_type": "textarea",
                                        "field_label": "Message",
                                        "placeholder": "Message",
                                        "_id": "69a4b2e"
                                    }
                                ],
                                "input_size": "md",
                                "button_size": "md",
                                "step_next_label": "Next",
                                "step_previous_label": "Previous",
                                "button_text": "Send Message",
                                "selected_button_icon": {
                                    "value": "far fa-envelope",
                                    "library": "fa-regular"
                                },
                                "email_content": "[all-fields]",
                                "email_content_2": "[all-fields]",
                                "success_message": "The form was sent successfully.",
                                "error_message": "An error occurred.",
                                "required_field_message": "This field is required.",
                                "invalid_message": "There&#039;s something wrong. The form is invalid."
                            },
                            "elements": [],
                            "isInner": false,
                            "widgetType": "form",
                            "elType": "widget"
                        }
                    ],
                    "isInner": false,
                    "elType": "column"
                }
            ],
            "isInner": false,
            "elType": "section"
        },
        {
            "id": "3519a4b3",
            "settings": {
                "layout": "full_width",
                "gap": "no",
                "animation": "fadeInUp"
            },
            "elements": [
                {
                    "id": "4b66d0c2",
                    "settings": {
                        "_column_size": 100,
                        "_inline_size": null
                    },
                    "elements": [
                        {
                            "id": "38b60414",
                            "settings": {
                                "address": "London Eye, London, United Kingdom",
                                "zoom": {
                                    "unit": "px",
                                    "size": 14,
                                    "sizes": []
                                },
                                "height": {
                                    "unit": "px",
                                    "size": 400,
                                    "sizes": []
                                },
                                "height_mobile": {
                                    "unit": "px",
                                    "size": 350,
                                    "sizes": []
                                }
                            },
                            "elements": [],
                            "isInner": false,
                            "widgetType": "google_maps",
                            "elType": "widget"
                        }
                    ],
                    "isInner": false,
                    "elType": "column"
                }
            ],
            "isInner": false,
            "elType": "section"
        },
        {
            "id": "2e4485f3",
            "settings": {
                "padding": {
                    "unit": "em",
                    "top": "5",
                    "right": "0",
                    "bottom": "5",
                    "left": "0",
                    "isLinked": false
                },
                "padding_tablet": {
                    "unit": "em",
                    "top": "3",
                    "right": "1",
                    "bottom": "3",
                    "left": "1",
                    "isLinked": false
                },
                "padding_mobile": {
                    "unit": "em",
                    "top": "2",
                    "right": "0",
                    "bottom": "2",
                    "left": "0",
                    "isLinked": false
                }
            },
            "elements": [
                {
                    "id": "18920629",
                    "settings": {
                        "_column_size": 100,
                        "_inline_size": null
                    },
                    "elements": [
                        {
                            "id": "48b3d76c",
                            "settings": {
                                "content_width": {
                                    "unit": "px",
                                    "size": 720,
                                    "sizes": []
                                }
                            },
                            "elements": [
                                {
                                    "id": "1e6e77b8",
                                    "settings": {
                                        "_column_size": 100,
                                        "_inline_size": null,
                                        "padding": {
                                            "unit": "em",
                                            "top": "2",
                                            "right": "2",
                                            "bottom": "2",
                                            "left": "2",
                                            "isLinked": true
                                        },
                                        "padding_tablet": {
                                            "unit": "em",
                                            "top": "",
                                            "right": "",
                                            "bottom": "",
                                            "left": "",
                                            "isLinked": true
                                        },
                                        "padding_mobile": {
                                            "unit": "em",
                                            "top": "0",
                                            "right": "0",
                                            "bottom": "0",
                                            "left": "0",
                                            "isLinked": false
                                        },
                                        "animation": "fadeInUp"
                                    },
                                    "elements": [
                                        {
                                            "id": "7860b42f",
                                            "settings": {
                                                "title": "FAQ",
                                                "header_size": "h6",
                                                "align": "center"
                                            },
                                            "elements": [],
                                            "isInner": false,
                                            "widgetType": "heading",
                                            "elType": "widget"
                                        },
                                        {
                                            "id": "597787b1",
                                            "settings": {
                                                "title": "Frequently Ask Questions",
                                                "align": "center"
                                            },
                                            "elements": [],
                                            "isInner": false,
                                            "widgetType": "heading",
                                            "elType": "widget"
                                        },
                                        {
                                            "id": "1047440a",
                                            "settings": {
                                                "align": "center"
                                            },
                                            "elements": [],
                                            "isInner": false,
                                            "widgetType": "text-editor",
                                            "elType": "widget"
                                        }
                                    ],
                                    "isInner": true,
                                    "elType": "column"
                                }
                            ],
                            "isInner": true,
                            "elType": "section"
                        },
                        {
                            "id": "2bb9dcf",
                            "settings": {
                                "ekit_accordion_items": [
                                    {
                                        "acc_title": "Justo nunc ad in vulputate posuere massa mauris?",
                                        "ekit_acc_is_active": "yes",
                                        "_id": "43fb566",
                                        "acc_content": "<p>Nisl tortor torquent sociosqu dictumst egestas felis senectus aliquet fringilla accumsan cursus. Auctor efficitur si mollis viverra penatibus ultrices potenti. Velit est finibus commodo bibendum auctor eleifend sociosqu etiam sem aenean nisl.<\/p>"
                                    },
                                    {
                                        "acc_title": "Primis scelerisque placerat mattis netus imperdiet ex finibus?",
                                        "_id": "c3ba551",
                                        "acc_content": "<p>Nisl tortor torquent sociosqu dictumst egestas felis senectus aliquet fringilla accumsan cursus. Auctor efficitur si mollis viverra penatibus ultrices potenti. Velit est finibus commodo bibendum auctor eleifend sociosqu etiam sem aenean nisl.<\/p>"
                                    },
                                    {
                                        "acc_title": "Risus ultrices congue odio bibendum lorem?",
                                        "_id": "0aa4891",
                                        "acc_content": "<p>Nisl tortor torquent sociosqu dictumst egestas felis senectus aliquet fringilla accumsan cursus. Auctor efficitur si mollis viverra penatibus ultrices potenti. Velit est finibus commodo bibendum auctor eleifend sociosqu etiam sem aenean nisl.<\/p>"
                                    },
                                    {
                                        "acc_title": "Vestibulum molestie gravida cursus torquent primis non sapien?",
                                        "acc_content": "<p>Nisl tortor torquent sociosqu dictumst egestas felis senectus aliquet fringilla accumsan cursus. Auctor efficitur si mollis viverra penatibus ultrices potenti. Velit est finibus commodo bibendum auctor eleifend sociosqu etiam sem aenean nisl.<\/p>",
                                        "_id": "8ff14c4"
                                    },
                                    {
                                        "acc_title": "Lacinia elit diam in facilisi auctor accumsan?",
                                        "acc_content": "<p>Nisl tortor torquent sociosqu dictumst egestas felis senectus aliquet fringilla accumsan cursus. Auctor efficitur si mollis viverra penatibus ultrices potenti. Velit est finibus commodo bibendum auctor eleifend sociosqu etiam sem aenean nisl.<\/p>",
                                        "_id": "a499113"
                                    }
                                ],
                                "ekit_accordion_background_background": "classic",
                                "ekit_accordion_title_border_open_border": "solid",
                                "ekit_accordion_title_border_open_width": {
                                    "unit": "px",
                                    "top": "0",
                                    "right": "0",
                                    "bottom": "1",
                                    "left": "0",
                                    "isLinked": false
                                },
                                "ekit_accordion_border_radious_curve_shape_open": {
                                    "unit": "px",
                                    "top": "5",
                                    "right": "5",
                                    "bottom": "5",
                                    "left": "5",
                                    "isLinked": true
                                },
                                "ekit_accordion_background_close_background": "classic",
                                "ekit_accordion_background_close_color": "#02010100",
                                "ekit_accordion_title_border_close_border": "solid",
                                "ekit_accordion_title_border_close_width": {
                                    "unit": "px",
                                    "top": "0",
                                    "right": "0",
                                    "bottom": "1",
                                    "left": "0",
                                    "isLinked": false
                                },
                                "ekit_accordion_title_padding": {
                                    "unit": "px",
                                    "top": "28",
                                    "right": "28",
                                    "bottom": "28",
                                    "left": "28",
                                    "isLinked": true
                                },
                                "ekit_accordion_content_padding": {
                                    "unit": "px",
                                    "top": "28",
                                    "right": "28",
                                    "bottom": "28",
                                    "left": "28",
                                    "isLinked": true
                                },
                                "__globals__": {
                                    "ekit_accordion_title_typography_typography": "globals\/typography?id=7044a64",
                                    "ekit_accordion_title_color": "globals\/colors?id=bb890b8",
                                    "ekit_accordion_background_color": "globals\/colors?id=cfa1f76",
                                    "ekit_accordion_title_color_close": "globals\/colors?id=secondary",
                                    "ekit_accordion_title_border_close_color": "globals\/colors?id=4d462f5",
                                    "ekit_accordion_title_border_open_color": "globals\/colors?id=cfa1f76"
                                },
                                "ekit_accordion_title_padding_mobile": {
                                    "unit": "px",
                                    "top": "21",
                                    "right": "21",
                                    "bottom": "21",
                                    "left": "21",
                                    "isLinked": true
                                },
                                "ekit_accordion_content_padding_mobile": {
                                    "unit": "px",
                                    "top": "21",
                                    "right": "21",
                                    "bottom": "21",
                                    "left": "21",
                                    "isLinked": true
                                },
                                "_animation": "fadeIn",
                                "animation_duration": "slow"
                            },
                            "elements": [],
                            "isInner": false,
                            "widgetType": "elementskit-accordion",
                            "elType": "widget"
                        }
                    ],
                    "isInner": false,
                    "elType": "column"
                }
            ],
            "isInner": false,
            "elType": "section"
        }
    ]
}