{
    "version": "0.4",
    "title": "Dentalkit &#8211; Header",
    "type": "header",
    "metadata": {
        "template_type": "section-header",
        "include_in_zip": "1",
        "elementor_pro_required": "1",
        "elementor_library_type": "header",
        "elementor_pro_conditions": [
            "include\/general"
        ],
        "additional_template_information": [
            "This is a \"Header\" template for Elementor Pro.",
            "This template will display on: Entire Site."
        ],
        "wp_page_template": "default"
    },
    "content": [
        {
            "id": "70f9c2cd",
            "settings": {
                "content_position": "middle",
                "structure": "20",
                "border_radius": {
                    "unit": "px",
                    "top": "0",
                    "right": "0",
                    "bottom": "0",
                    "left": "0",
                    "isLinked": false
                },
                "box_shadow_box_shadow_type": "yes",
                "box_shadow_box_shadow": {
                    "horizontal": 0,
                    "vertical": 0,
                    "blur": 30,
                    "spread": 0,
                    "color": "rgba(0, 0, 0, 0.1)"
                },
                "z_index": 99
            },
            "elements": [
                {
                    "id": "12bc6622",
                    "settings": {
                        "_column_size": 50,
                        "_inline_size": 18,
                        "_inline_size_tablet": 25,
                        "_inline_size_mobile": 80,
                        "align": "center",
                        "align_mobile": "flex-start",
                        "background_background": "classic",
                        "background_color_stop": {
                            "unit": "%",
                            "size": 82,
                            "sizes": []
                        },
                        "background_color_b_stop": {
                            "unit": "%",
                            "size": 83,
                            "sizes": []
                        },
                        "background_gradient_angle": {
                            "unit": "deg",
                            "size": 175,
                            "sizes": []
                        },
                        "margin": {
                            "unit": "em",
                            "top": "0",
                            "right": "0",
                            "bottom": "-2",
                            "left": "0",
                            "isLinked": false
                        },
                        "margin_tablet": {
                            "unit": "em",
                            "top": "0",
                            "right": "0",
                            "bottom": "-2",
                            "left": "0",
                            "isLinked": false
                        },
                        "margin_mobile": {
                            "unit": "em",
                            "top": "0",
                            "right": "0",
                            "bottom": "0",
                            "left": "0",
                            "isLinked": false
                        },
                        "padding": {
                            "unit": "em",
                            "top": "3",
                            "right": "0",
                            "bottom": "3",
                            "left": "0",
                            "isLinked": false
                        },
                        "padding_tablet": {
                            "unit": "em",
                            "top": "2",
                            "right": "1",
                            "bottom": "2",
                            "left": "1",
                            "isLinked": false
                        },
                        "padding_mobile": {
                            "unit": "px",
                            "top": "10",
                            "right": "10",
                            "bottom": "10",
                            "left": "10",
                            "isLinked": true
                        },
                        "__globals__": {
                            "background_color": "",
                            "background_color_b": "globals\/colors?id=text"
                        },
                        "background_color_b": "#FFFFFF",
                        "background_image": {
                            "url": "http:\/\/point.moxcreative.com\/dentalkit\/wp-content\/uploads\/sites\/29\/2022\/06\/header.png",
                            "id": 58,
                            "alt": "",
                            "source": "library"
                        },
                        "background_position": "bottom center",
                        "background_position_mobile": "top center",
                        "background_repeat": "no-repeat",
                        "background_size_mobile": "cover",
                        "content_position": "top",
                        "animation": "slideInDown",
                        "animation_duration": "fast",
                        "animation_delay": 240
                    },
                    "elements": [
                        {
                            "id": "283cba32",
                            "settings": {
                                "image": {
                                    "url": "http:\/\/point.moxcreative.com\/dentalkit\/wp-content\/uploads\/sites\/29\/2022\/06\/Logo_dentalkit_w.png",
                                    "id": 48,
                                    "alt": "",
                                    "source": "library"
                                },
                                "image_size": "custom",
                                "image_custom_dimension": {
                                    "width": "",
                                    "height": "42"
                                },
                                "align": "left",
                                "link_to": "custom",
                                "_element_width": "initial",
                                "_element_custom_width": {
                                    "unit": "px",
                                    "size": 185,
                                    "sizes": []
                                },
                                "__dynamic__": {
                                    "link": "[elementor-tag id=\"3b9da7c\" name=\"site-url\" settings=\"%7B%7D\"]"
                                }
                            },
                            "elements": [],
                            "isInner": false,
                            "widgetType": "image",
                            "elType": "widget"
                        }
                    ],
                    "isInner": false,
                    "elType": "column"
                },
                {
                    "id": "38059a43",
                    "settings": {
                        "_column_size": 50,
                        "_inline_size": 82,
                        "_inline_size_tablet": 75,
                        "_inline_size_mobile": 20,
                        "space_between_widgets": 10,
                        "padding": {
                            "unit": "px",
                            "top": "10",
                            "right": "10",
                            "bottom": "0",
                            "left": "0",
                            "isLinked": false
                        },
                        "padding_mobile": {
                            "unit": "px",
                            "top": "0",
                            "right": "0",
                            "bottom": "0",
                            "left": "0",
                            "isLinked": false
                        },
                        "space_between_widgets_mobile": 0
                    },
                    "elements": [
                        {
                            "id": "1bde72c2",
                            "settings": {
                                "view": "inline",
                                "icon_list": [
                                    {
                                        "text": "support@yourdomain.tld",
                                        "selected_icon": {
                                            "value": "far fa-envelope",
                                            "library": "fa-regular"
                                        },
                                        "_id": "4e8e0ec"
                                    },
                                    {
                                        "text": "Find location",
                                        "selected_icon": {
                                            "value": "icon icon-map-marker1",
                                            "library": "ekiticons"
                                        },
                                        "link": {
                                            "url": "#",
                                            "is_external": "",
                                            "nofollow": "",
                                            "custom_attributes": ""
                                        },
                                        "_id": "472cfdf"
                                    }
                                ],
                                "space_between": {
                                    "unit": "px",
                                    "size": 14,
                                    "sizes": []
                                },
                                "icon_align": "right",
                                "hide_mobile": "hidden-mobile",
                                "__globals__": {
                                    "icon_color": "globals\/colors?id=d49ac81",
                                    "icon_typography_typography": "globals\/typography?id=112b6c4"
                                }
                            },
                            "elements": [],
                            "isInner": false,
                            "widgetType": "icon-list",
                            "elType": "widget"
                        },
                        {
                            "id": "6b7f7d36",
                            "settings": {
                                "structure": "20",
                                "border_border": "solid",
                                "border_width": {
                                    "unit": "px",
                                    "top": "1",
                                    "right": "0",
                                    "bottom": "0",
                                    "left": "0",
                                    "isLinked": false
                                },
                                "__globals__": {
                                    "border_color": "globals\/colors?id=4d462f5"
                                }
                            },
                            "elements": [
                                {
                                    "id": "2c7f01fd",
                                    "settings": {
                                        "_column_size": 50,
                                        "_inline_size": 80,
                                        "_inline_size_tablet": 68,
                                        "margin_tablet": {
                                            "unit": "%",
                                            "top": "0",
                                            "right": "0",
                                            "bottom": "0",
                                            "left": "80",
                                            "isLinked": false
                                        },
                                        "margin_mobile": {
                                            "unit": "%",
                                            "top": "0",
                                            "right": "0",
                                            "bottom": "0",
                                            "left": "0",
                                            "isLinked": false
                                        }
                                    },
                                    "elements": [
                                        {
                                            "id": "3c718bab",
                                            "settings": {
                                                "align_items": "right",
                                                "pointer": "none",
                                                "submenu_icon": {
                                                    "value": "fas fa-angle-down",
                                                    "library": "fa-solid"
                                                },
                                                "full_width": "stretch",
                                                "toggle_icon_normal": {
                                                    "value": "fas fa-bars",
                                                    "library": "fa-solid"
                                                },
                                                "toggle_icon_active": {
                                                    "value": "fas fa-times",
                                                    "library": "fa-solid"
                                                },
                                                "padding_horizontal_menu_item": {
                                                    "unit": "px",
                                                    "size": 0,
                                                    "sizes": []
                                                },
                                                "padding_vertical_menu_item": {
                                                    "unit": "px",
                                                    "size": 16,
                                                    "sizes": []
                                                },
                                                "menu_space_between": {
                                                    "unit": "px",
                                                    "size": 35,
                                                    "sizes": []
                                                },
                                                "dropdown_border_radius": {
                                                    "unit": "px",
                                                    "top": "5",
                                                    "right": "5",
                                                    "bottom": "5",
                                                    "left": "5",
                                                    "isLinked": true
                                                },
                                                "dropdown_box_shadow_box_shadow_type": "yes",
                                                "dropdown_box_shadow_box_shadow": {
                                                    "horizontal": 0,
                                                    "vertical": 0,
                                                    "blur": 60,
                                                    "spread": 0,
                                                    "color": "rgba(0, 0, 0, 0.1)"
                                                },
                                                "toggle_background_color": "#02010100",
                                                "toggle_size_tablet": {
                                                    "unit": "px",
                                                    "size": 28,
                                                    "sizes": []
                                                },
                                                "_element_custom_width": {
                                                    "unit": "%",
                                                    "size": 83,
                                                    "sizes": []
                                                },
                                                "__globals__": {
                                                    "menu_typography_typography": "globals\/typography?id=520c191",
                                                    "color_menu_item": "globals\/colors?id=primary",
                                                    "color_menu_item_hover": "globals\/colors?id=332724a",
                                                    "color_dropdown_item": "globals\/colors?id=primary",
                                                    "dropdown_typography_typography": "globals\/typography?id=520c191",
                                                    "background_color_dropdown_item": "globals\/colors?id=text",
                                                    "color_dropdown_item_hover": "globals\/colors?id=text",
                                                    "background_color_dropdown_item_hover": "globals\/colors?id=332724a",
                                                    "toggle_color": "globals\/colors?id=d49ac81",
                                                    "toggle_color_hover": "globals\/colors?id=332724a"
                                                },
                                                "toggle_background_color_hover": "#02010100",
                                                "_z_index_tablet": 100
                                            },
                                            "elements": [],
                                            "isInner": false,
                                            "widgetType": "nav-menu",
                                            "elType": "widget"
                                        }
                                    ],
                                    "isInner": true,
                                    "elType": "column"
                                },
                                {
                                    "id": "47c9438",
                                    "settings": {
                                        "_column_size": 50,
                                        "_inline_size": 20,
                                        "_inline_size_tablet": 32,
                                        "padding": {
                                            "unit": "px",
                                            "top": "10",
                                            "right": "0",
                                            "bottom": "10",
                                            "left": "20",
                                            "isLinked": false
                                        },
                                        "hide_mobile": "hidden-mobile",
                                        "padding_tablet": {
                                            "unit": "px",
                                            "top": "10",
                                            "right": "0",
                                            "bottom": "10",
                                            "left": "10",
                                            "isLinked": false
                                        }
                                    },
                                    "elements": [
                                        {
                                            "id": "13625c38",
                                            "settings": {
                                                "selected_icon": {
                                                    "value": "lnr lnr-phone-handset",
                                                    "library": "skb_cife-linearicons-icon"
                                                },
                                                "title_text": "Emergency? Call us!",
                                                "description_text": "800-2002-234",
                                                "position": "left",
                                                "title_size": "div",
                                                "icon_space": {
                                                    "unit": "px",
                                                    "size": 14,
                                                    "sizes": []
                                                },
                                                "icon_size": {
                                                    "unit": "px",
                                                    "size": 35,
                                                    "sizes": []
                                                },
                                                "icon_size_tablet": {
                                                    "unit": "px",
                                                    "size": 28,
                                                    "sizes": []
                                                },
                                                "text_align": "right",
                                                "content_vertical_alignment": "middle",
                                                "title_bottom_space": {
                                                    "unit": "px",
                                                    "size": 0,
                                                    "sizes": []
                                                },
                                                "_element_custom_width": {
                                                    "unit": "%",
                                                    "size": 17,
                                                    "sizes": []
                                                },
                                                "__globals__": {
                                                    "primary_color": "globals\/colors?id=d49ac81",
                                                    "title_typography_typography": "globals\/typography?id=112b6c4",
                                                    "description_typography_typography": "globals\/typography?id=7044a64",
                                                    "description_color": "globals\/colors?id=bb890b8"
                                                }
                                            },
                                            "elements": [],
                                            "isInner": false,
                                            "widgetType": "icon-box",
                                            "elType": "widget"
                                        }
                                    ],
                                    "isInner": true,
                                    "elType": "column"
                                }
                            ],
                            "isInner": true,
                            "elType": "section"
                        }
                    ],
                    "isInner": false,
                    "elType": "column"
                }
            ],
            "isInner": false,
            "elType": "section"
        }
    ]
}