{
    "version": "0.4",
    "title": "Dentalkit &#8211; Error 404",
    "type": "error-404",
    "metadata": {
        "template_type": "single-404",
        "include_in_zip": "1",
        "elementor_pro_required": "1",
        "elementor_library_type": "error-404",
        "elementor_pro_conditions": [
            "include\/singular\/not_found404"
        ],
        "additional_template_information": [
            "This is a \"Error 404\" template for Elementor Pro.",
            "This template will display on: 404 Page."
        ],
        "wp_page_template": "default"
    },
    "content": [
        {
            "id": "2ce41b32",
            "settings": {
                "content_width": {
                    "unit": "px",
                    "size": 540,
                    "sizes": []
                },
                "padding": {
                    "unit": "em",
                    "top": "10",
                    "right": "0",
                    "bottom": "10",
                    "left": "0",
                    "isLinked": false
                },
                "padding_tablet": {
                    "unit": "em",
                    "top": "",
                    "right": "",
                    "bottom": "",
                    "left": "",
                    "isLinked": true
                },
                "padding_mobile": {
                    "unit": "em",
                    "top": "5",
                    "right": "1",
                    "bottom": "5",
                    "left": "1",
                    "isLinked": false
                }
            },
            "elements": [
                {
                    "id": "7e20dd50",
                    "settings": {
                        "_column_size": 100,
                        "_inline_size": null,
                        "content_position_mobile": "center",
                        "background_background": "classic",
                        "border_radius": {
                            "unit": "px",
                            "top": "5",
                            "right": "5",
                            "bottom": "5",
                            "left": "5",
                            "isLinked": true
                        },
                        "box_shadow_box_shadow_type": "yes",
                        "box_shadow_box_shadow": {
                            "horizontal": 0,
                            "vertical": 30,
                            "blur": 60,
                            "spread": 0,
                            "color": "rgba(0, 0, 0, 0.1)"
                        },
                        "padding": {
                            "unit": "em",
                            "top": "4",
                            "right": "4",
                            "bottom": "4",
                            "left": "4",
                            "isLinked": true
                        },
                        "padding_tablet": {
                            "unit": "em",
                            "top": "",
                            "right": "",
                            "bottom": "",
                            "left": "",
                            "isLinked": true
                        },
                        "padding_mobile": {
                            "unit": "em",
                            "top": "2",
                            "right": "2",
                            "bottom": "2",
                            "left": "2",
                            "isLinked": true
                        },
                        "animation": "bounceIn",
                        "__globals__": {
                            "background_color": "globals\/colors?id=text"
                        }
                    },
                    "elements": [
                        {
                            "id": "16e98149",
                            "settings": {
                                "title": "404",
                                "header_size": "div",
                                "align": "center",
                                "_position": "absolute",
                                "_offset_x_mobile": {
                                    "size": "",
                                    "unit": "px"
                                },
                                "_offset_y_mobile": {
                                    "size": "",
                                    "unit": "px"
                                },
                                "_animation": "fadeInDown",
                                "__globals__": {
                                    "title_color": "globals\/colors?id=cfa1f76",
                                    "typography_typography": "globals\/typography?id=a435f28"
                                }
                            },
                            "elements": [],
                            "isInner": false,
                            "widgetType": "heading",
                            "elType": "widget"
                        },
                        {
                            "id": "530e4edf",
                            "settings": {
                                "margin": {
                                    "unit": "em",
                                    "top": "3",
                                    "right": 0,
                                    "bottom": "0",
                                    "left": 0,
                                    "isLinked": false
                                },
                                "margin_tablet": {
                                    "unit": "em",
                                    "top": "",
                                    "right": "",
                                    "bottom": "",
                                    "left": "",
                                    "isLinked": true
                                },
                                "margin_mobile": {
                                    "unit": "em",
                                    "top": "0",
                                    "right": 0,
                                    "bottom": "0",
                                    "left": 0,
                                    "isLinked": false
                                },
                                "z_index": 3,
                                "animation": "fadeInUp"
                            },
                            "elements": [
                                {
                                    "id": "28f93b3a",
                                    "settings": {
                                        "_column_size": 100,
                                        "_inline_size": null
                                    },
                                    "elements": [
                                        {
                                            "id": "cae9783",
                                            "settings": {
                                                "title": "Page not found\n",
                                                "align": "center",
                                                "__globals__": {
                                                    "title_color": "globals\/colors?id=bb890b8"
                                                }
                                            },
                                            "elements": [],
                                            "isInner": false,
                                            "widgetType": "heading",
                                            "elType": "widget"
                                        },
                                        {
                                            "id": "4e434",
                                            "settings": {
                                                "title": "The page you are looking for no longer exists. Perhaps you can return back to the site\u2019s homepage and see if you can find what you are looking for.",
                                                "header_size": "div",
                                                "align": "center",
                                                "__globals__": {
                                                    "typography_typography": "globals\/typography?id=b2ce6af"
                                                }
                                            },
                                            "elements": [],
                                            "isInner": false,
                                            "widgetType": "heading",
                                            "elType": "widget"
                                        },
                                        {
                                            "id": "18c7b70c",
                                            "settings": {
                                                "text": "Back Home",
                                                "align": "center",
                                                "size": "md",
                                                "selected_icon": {
                                                    "value": "fas fa-chevron-left",
                                                    "library": "fa-solid"
                                                },
                                                "icon_indent": {
                                                    "unit": "px",
                                                    "size": 7,
                                                    "sizes": []
                                                },
                                                "__dynamic__": {
                                                    "link": "[elementor-tag id=\"c44df4b\" name=\"site-url\" settings=\"%7B%7D\"]"
                                                }
                                            },
                                            "elements": [],
                                            "isInner": false,
                                            "widgetType": "button",
                                            "elType": "widget"
                                        }
                                    ],
                                    "isInner": true,
                                    "elType": "column"
                                }
                            ],
                            "isInner": true,
                            "elType": "section"
                        }
                    ],
                    "isInner": false,
                    "elType": "column"
                }
            ],
            "isInner": false,
            "elType": "section"
        }
    ]
}