{
    "version": "0.4",
    "title": "FAQ",
    "type": "page",
    "metadata": {
        "template_type": "single-page",
        "include_in_zip": "1",
        "elementor_pro_required": "1",
        "wp_page_template": "elementor_header_footer"
    },
    "content": [
        {
            "id": "4d472e5d",
            "settings": {
                "background_background": "classic",
                "padding": {
                    "unit": "em",
                    "top": "3",
                    "right": "0",
                    "bottom": "3",
                    "left": "0",
                    "isLinked": false
                },
                "padding_tablet": {
                    "unit": "em",
                    "top": "",
                    "right": "",
                    "bottom": "",
                    "left": "",
                    "isLinked": true
                },
                "padding_mobile": {
                    "unit": "em",
                    "top": "1",
                    "right": "0",
                    "bottom": "1",
                    "left": "0",
                    "isLinked": false
                },
                "__globals__": {
                    "background_color": "globals\/colors?id=cfa1f76"
                },
                "content_width": {
                    "unit": "px",
                    "size": 840,
                    "sizes": []
                }
            },
            "elements": [
                {
                    "id": "626258d8",
                    "settings": {
                        "_column_size": 100,
                        "_inline_size": null,
                        "padding_mobile": {
                            "unit": "em",
                            "top": "1",
                            "right": "1",
                            "bottom": "1",
                            "left": "1",
                            "isLinked": true
                        },
                        "padding": {
                            "unit": "em",
                            "top": "",
                            "right": "",
                            "bottom": "",
                            "left": "",
                            "isLinked": true
                        },
                        "padding_tablet": {
                            "unit": "em",
                            "top": "",
                            "right": "",
                            "bottom": "",
                            "left": "",
                            "isLinked": true
                        }
                    },
                    "elements": [
                        {
                            "id": "6e91fe51",
                            "settings": {
                                "title": "",
                                "header_size": "h1",
                                "align": "center",
                                "__dynamic__": {
                                    "title": "[elementor-tag id=\"5140632\" name=\"post-title\" settings=\"%7B%7D\"]"
                                },
                                "_animation": "fadeInUp"
                            },
                            "elements": [],
                            "isInner": false,
                            "widgetType": "heading",
                            "elType": "widget"
                        },
                        {
                            "id": "2408ebdf",
                            "settings": {
                                "title": "Frequently Ask Questions\n",
                                "header_size": "h4",
                                "align": "center",
                                "__dynamic__": [],
                                "_animation": "fadeInDown"
                            },
                            "elements": [],
                            "isInner": false,
                            "widgetType": "heading",
                            "elType": "widget"
                        }
                    ],
                    "isInner": false,
                    "elType": "column"
                }
            ],
            "isInner": false,
            "elType": "section"
        },
        {
            "id": "67ea9665",
            "settings": {
                "padding": {
                    "unit": "em",
                    "top": "5",
                    "right": "0",
                    "bottom": "5",
                    "left": "0",
                    "isLinked": false
                },
                "padding_tablet": {
                    "unit": "em",
                    "top": "3",
                    "right": "0",
                    "bottom": "3",
                    "left": "0",
                    "isLinked": false
                },
                "padding_mobile": {
                    "unit": "em",
                    "top": "2",
                    "right": "0",
                    "bottom": "2",
                    "left": "0",
                    "isLinked": false
                }
            },
            "elements": [
                {
                    "id": "4c1d3b34",
                    "settings": {
                        "_column_size": 100,
                        "_inline_size": null,
                        "padding": {
                            "unit": "px",
                            "top": "0",
                            "right": "0",
                            "bottom": "0",
                            "left": "0",
                            "isLinked": false
                        }
                    },
                    "elements": [
                        {
                            "id": "5bd8643e",
                            "settings": {
                                "content_width": {
                                    "unit": "px",
                                    "size": 720,
                                    "sizes": []
                                }
                            },
                            "elements": [
                                {
                                    "id": "23035b48",
                                    "settings": {
                                        "_column_size": 100,
                                        "_inline_size": null,
                                        "padding": {
                                            "unit": "em",
                                            "top": "2",
                                            "right": "2",
                                            "bottom": "2",
                                            "left": "2",
                                            "isLinked": true
                                        },
                                        "padding_tablet": {
                                            "unit": "em",
                                            "top": "0",
                                            "right": "0",
                                            "bottom": "0",
                                            "left": "0",
                                            "isLinked": false
                                        },
                                        "padding_mobile": {
                                            "unit": "px",
                                            "top": "10",
                                            "right": "10",
                                            "bottom": "10",
                                            "left": "10",
                                            "isLinked": true
                                        },
                                        "animation": "fadeIn",
                                        "animation_duration": "fast"
                                    },
                                    "elements": [
                                        {
                                            "id": "2368c1bd",
                                            "settings": {
                                                "title": "What can we help you with today?\n",
                                                "header_size": "h3",
                                                "align": "center"
                                            },
                                            "elements": [],
                                            "isInner": false,
                                            "widgetType": "heading",
                                            "elType": "widget"
                                        },
                                        {
                                            "id": "43ee6e7a",
                                            "settings": {
                                                "placeholder": "Search...",
                                                "button_text": "Search",
                                                "border_radius": {
                                                    "unit": "px",
                                                    "size": 5,
                                                    "sizes": []
                                                },
                                                "button_width": {
                                                    "unit": "px",
                                                    "size": 1.5,
                                                    "sizes": []
                                                },
                                                "__globals__": {
                                                    "button_text_color": "globals\/colors?id=text",
                                                    "button_background_color": "globals\/colors?id=d49ac81",
                                                    "button_text_color_hover": "globals\/colors?id=text",
                                                    "button_background_color_hover": "globals\/colors?id=332724a"
                                                }
                                            },
                                            "elements": [],
                                            "isInner": false,
                                            "widgetType": "search-form",
                                            "elType": "widget"
                                        }
                                    ],
                                    "isInner": true,
                                    "elType": "column"
                                }
                            ],
                            "isInner": true,
                            "elType": "section"
                        },
                        {
                            "id": "26ee8f64",
                            "settings": {
                                "structure": "20"
                            },
                            "elements": [
                                {
                                    "id": "51609110",
                                    "settings": {
                                        "_column_size": 50,
                                        "_inline_size": null,
                                        "padding": {
                                            "unit": "em",
                                            "top": "1",
                                            "right": "1",
                                            "bottom": "1",
                                            "left": "1",
                                            "isLinked": true
                                        },
                                        "padding_tablet": {
                                            "unit": "em",
                                            "top": "",
                                            "right": "",
                                            "bottom": "",
                                            "left": "",
                                            "isLinked": true
                                        },
                                        "padding_mobile": {
                                            "unit": "px",
                                            "top": "10",
                                            "right": "10",
                                            "bottom": "10",
                                            "left": "10",
                                            "isLinked": true
                                        },
                                        "animation": "fadeIn",
                                        "animation_delay": 100
                                    },
                                    "elements": [
                                        {
                                            "id": "5bbdf1",
                                            "settings": {
                                                "ekit_accordion_items": [
                                                    {
                                                        "acc_title": "Justo nunc ad in vulputate posuere massa mauris?",
                                                        "ekit_acc_is_active": "yes",
                                                        "_id": "43fb566",
                                                        "acc_content": "<p>Nisl tortor torquent sociosqu dictumst egestas felis senectus aliquet fringilla accumsan cursus. Auctor efficitur si mollis viverra penatibus ultrices potenti. Velit est finibus commodo bibendum auctor eleifend sociosqu etiam sem aenean nisl.<\/p>"
                                                    },
                                                    {
                                                        "acc_title": "Primis scelerisque placerat mattis netus imperdiet ex finibus?",
                                                        "_id": "c3ba551",
                                                        "acc_content": "<p>Nisl tortor torquent sociosqu dictumst egestas felis senectus aliquet fringilla accumsan cursus. Auctor efficitur si mollis viverra penatibus ultrices potenti. Velit est finibus commodo bibendum auctor eleifend sociosqu etiam sem aenean nisl.<\/p>"
                                                    },
                                                    {
                                                        "acc_title": "Risus ultrices congue odio bibendum lorem?",
                                                        "_id": "0aa4891",
                                                        "acc_content": "<p>Nisl tortor torquent sociosqu dictumst egestas felis senectus aliquet fringilla accumsan cursus. Auctor efficitur si mollis viverra penatibus ultrices potenti. Velit est finibus commodo bibendum auctor eleifend sociosqu etiam sem aenean nisl.<\/p>"
                                                    },
                                                    {
                                                        "acc_title": "Vestibulum molestie gravida cursus torquent primis non sapien?",
                                                        "acc_content": "<p>Nisl tortor torquent sociosqu dictumst egestas felis senectus aliquet fringilla accumsan cursus. Auctor efficitur si mollis viverra penatibus ultrices potenti. Velit est finibus commodo bibendum auctor eleifend sociosqu etiam sem aenean nisl.<\/p>",
                                                        "_id": "8ff14c4"
                                                    },
                                                    {
                                                        "acc_title": "Lacinia elit diam in facilisi auctor accumsan?",
                                                        "acc_content": "<p>Nisl tortor torquent sociosqu dictumst egestas felis senectus aliquet fringilla accumsan cursus. Auctor efficitur si mollis viverra penatibus ultrices potenti. Velit est finibus commodo bibendum auctor eleifend sociosqu etiam sem aenean nisl.<\/p>",
                                                        "_id": "a499113"
                                                    }
                                                ],
                                                "ekit_accordion_background_background": "classic",
                                                "ekit_accordion_title_border_open_border": "solid",
                                                "ekit_accordion_title_border_open_width": {
                                                    "unit": "px",
                                                    "top": "0",
                                                    "right": "0",
                                                    "bottom": "1",
                                                    "left": "0",
                                                    "isLinked": false
                                                },
                                                "ekit_accordion_border_radious_curve_shape_open": {
                                                    "unit": "px",
                                                    "top": "5",
                                                    "right": "5",
                                                    "bottom": "5",
                                                    "left": "5",
                                                    "isLinked": true
                                                },
                                                "ekit_accordion_background_close_background": "classic",
                                                "ekit_accordion_background_close_color": "#02010100",
                                                "ekit_accordion_title_border_close_border": "solid",
                                                "ekit_accordion_title_border_close_width": {
                                                    "unit": "px",
                                                    "top": "0",
                                                    "right": "0",
                                                    "bottom": "1",
                                                    "left": "0",
                                                    "isLinked": false
                                                },
                                                "ekit_accordion_title_padding": {
                                                    "unit": "px",
                                                    "top": "28",
                                                    "right": "28",
                                                    "bottom": "28",
                                                    "left": "28",
                                                    "isLinked": true
                                                },
                                                "ekit_accordion_content_padding": {
                                                    "unit": "px",
                                                    "top": "28",
                                                    "right": "28",
                                                    "bottom": "28",
                                                    "left": "28",
                                                    "isLinked": true
                                                },
                                                "__globals__": {
                                                    "ekit_accordion_title_typography_typography": "globals\/typography?id=7044a64",
                                                    "ekit_accordion_title_color": "globals\/colors?id=bb890b8",
                                                    "ekit_accordion_background_color": "globals\/colors?id=cfa1f76",
                                                    "ekit_accordion_title_color_close": "globals\/colors?id=secondary",
                                                    "ekit_accordion_title_border_close_color": "globals\/colors?id=4d462f5",
                                                    "ekit_accordion_title_border_open_color": "globals\/colors?id=cfa1f76"
                                                },
                                                "ekit_accordion_title_padding_mobile": {
                                                    "unit": "px",
                                                    "top": "21",
                                                    "right": "21",
                                                    "bottom": "21",
                                                    "left": "21",
                                                    "isLinked": true
                                                },
                                                "ekit_accordion_content_padding_mobile": {
                                                    "unit": "px",
                                                    "top": "21",
                                                    "right": "21",
                                                    "bottom": "21",
                                                    "left": "21",
                                                    "isLinked": true
                                                },
                                                "_animation": "fadeIn",
                                                "animation_duration": "slow"
                                            },
                                            "elements": [],
                                            "isInner": false,
                                            "widgetType": "elementskit-accordion",
                                            "elType": "widget"
                                        }
                                    ],
                                    "isInner": true,
                                    "elType": "column"
                                },
                                {
                                    "id": "615e02ca",
                                    "settings": {
                                        "_column_size": 50,
                                        "_inline_size": null,
                                        "padding": {
                                            "unit": "em",
                                            "top": "1",
                                            "right": "1",
                                            "bottom": "1",
                                            "left": "1",
                                            "isLinked": true
                                        },
                                        "padding_tablet": {
                                            "unit": "em",
                                            "top": "",
                                            "right": "",
                                            "bottom": "",
                                            "left": "",
                                            "isLinked": true
                                        },
                                        "padding_mobile": {
                                            "unit": "px",
                                            "top": "10",
                                            "right": "10",
                                            "bottom": "10",
                                            "left": "10",
                                            "isLinked": true
                                        },
                                        "animation": "fadeIn",
                                        "animation_delay": 200
                                    },
                                    "elements": [
                                        {
                                            "id": "7ceb24e8",
                                            "settings": {
                                                "ekit_accordion_items": [
                                                    {
                                                        "acc_title": "Justo nunc ad in vulputate posuere massa mauris?",
                                                        "ekit_acc_is_active": "yes",
                                                        "_id": "43fb566",
                                                        "acc_content": "<p>Nisl tortor torquent sociosqu dictumst egestas felis senectus aliquet fringilla accumsan cursus. Auctor efficitur si mollis viverra penatibus ultrices potenti. Velit est finibus commodo bibendum auctor eleifend sociosqu etiam sem aenean nisl.<\/p>"
                                                    },
                                                    {
                                                        "acc_title": "Primis scelerisque placerat mattis netus imperdiet ex finibus?",
                                                        "_id": "c3ba551",
                                                        "acc_content": "<p>Nisl tortor torquent sociosqu dictumst egestas felis senectus aliquet fringilla accumsan cursus. Auctor efficitur si mollis viverra penatibus ultrices potenti. Velit est finibus commodo bibendum auctor eleifend sociosqu etiam sem aenean nisl.<\/p>"
                                                    },
                                                    {
                                                        "acc_title": "Risus ultrices congue odio bibendum lorem?",
                                                        "_id": "0aa4891",
                                                        "acc_content": "<p>Nisl tortor torquent sociosqu dictumst egestas felis senectus aliquet fringilla accumsan cursus. Auctor efficitur si mollis viverra penatibus ultrices potenti. Velit est finibus commodo bibendum auctor eleifend sociosqu etiam sem aenean nisl.<\/p>"
                                                    },
                                                    {
                                                        "acc_title": "Vestibulum molestie gravida cursus torquent primis non sapien?",
                                                        "acc_content": "<p>Nisl tortor torquent sociosqu dictumst egestas felis senectus aliquet fringilla accumsan cursus. Auctor efficitur si mollis viverra penatibus ultrices potenti. Velit est finibus commodo bibendum auctor eleifend sociosqu etiam sem aenean nisl.<\/p>",
                                                        "_id": "8ff14c4"
                                                    },
                                                    {
                                                        "acc_title": "Lacinia elit diam in facilisi auctor accumsan?",
                                                        "acc_content": "<p>Nisl tortor torquent sociosqu dictumst egestas felis senectus aliquet fringilla accumsan cursus. Auctor efficitur si mollis viverra penatibus ultrices potenti. Velit est finibus commodo bibendum auctor eleifend sociosqu etiam sem aenean nisl.<\/p>",
                                                        "_id": "a499113"
                                                    }
                                                ],
                                                "ekit_accordion_background_background": "classic",
                                                "ekit_accordion_title_border_open_border": "solid",
                                                "ekit_accordion_title_border_open_width": {
                                                    "unit": "px",
                                                    "top": "0",
                                                    "right": "0",
                                                    "bottom": "1",
                                                    "left": "0",
                                                    "isLinked": false
                                                },
                                                "ekit_accordion_border_radious_curve_shape_open": {
                                                    "unit": "px",
                                                    "top": "5",
                                                    "right": "5",
                                                    "bottom": "5",
                                                    "left": "5",
                                                    "isLinked": true
                                                },
                                                "ekit_accordion_background_close_background": "classic",
                                                "ekit_accordion_background_close_color": "#02010100",
                                                "ekit_accordion_title_border_close_border": "solid",
                                                "ekit_accordion_title_border_close_width": {
                                                    "unit": "px",
                                                    "top": "0",
                                                    "right": "0",
                                                    "bottom": "1",
                                                    "left": "0",
                                                    "isLinked": false
                                                },
                                                "ekit_accordion_title_padding": {
                                                    "unit": "px",
                                                    "top": "28",
                                                    "right": "28",
                                                    "bottom": "28",
                                                    "left": "28",
                                                    "isLinked": true
                                                },
                                                "ekit_accordion_content_padding": {
                                                    "unit": "px",
                                                    "top": "28",
                                                    "right": "28",
                                                    "bottom": "28",
                                                    "left": "28",
                                                    "isLinked": true
                                                },
                                                "__globals__": {
                                                    "ekit_accordion_title_typography_typography": "globals\/typography?id=7044a64",
                                                    "ekit_accordion_title_color": "globals\/colors?id=bb890b8",
                                                    "ekit_accordion_background_color": "globals\/colors?id=cfa1f76",
                                                    "ekit_accordion_title_color_close": "globals\/colors?id=secondary",
                                                    "ekit_accordion_title_border_close_color": "globals\/colors?id=4d462f5",
                                                    "ekit_accordion_title_border_open_color": "globals\/colors?id=cfa1f76"
                                                },
                                                "ekit_accordion_title_padding_mobile": {
                                                    "unit": "px",
                                                    "top": "21",
                                                    "right": "21",
                                                    "bottom": "21",
                                                    "left": "21",
                                                    "isLinked": true
                                                },
                                                "ekit_accordion_content_padding_mobile": {
                                                    "unit": "px",
                                                    "top": "21",
                                                    "right": "21",
                                                    "bottom": "21",
                                                    "left": "21",
                                                    "isLinked": true
                                                },
                                                "_animation": "fadeIn",
                                                "animation_duration": "slow"
                                            },
                                            "elements": [],
                                            "isInner": false,
                                            "widgetType": "elementskit-accordion",
                                            "elType": "widget"
                                        }
                                    ],
                                    "isInner": true,
                                    "elType": "column"
                                }
                            ],
                            "isInner": true,
                            "elType": "section"
                        }
                    ],
                    "isInner": false,
                    "elType": "column"
                }
            ],
            "isInner": false,
            "elType": "section"
        },
        {
            "id": "161a29aa",
            "settings": {
                "content_width": {
                    "unit": "px",
                    "size": 720,
                    "sizes": []
                },
                "background_background": "gradient",
                "background_gradient_angle": {
                    "unit": "deg",
                    "size": 45,
                    "sizes": []
                },
                "background_overlay_background": "classic",
                "background_overlay_image": {
                    "url": "http:\/\/point.moxcreative.com\/dentalkit\/wp-content\/uploads\/sites\/29\/2022\/06\/european-young-woman-smiling-while-looking-at-mirror-in-dental-clinic.jpg",
                    "id": 92,
                    "alt": "European young woman smiling while looking at mirror in dental clinic",
                    "source": "library"
                },
                "background_overlay_position": "center center",
                "background_overlay_repeat": "no-repeat",
                "background_overlay_size": "cover",
                "background_overlay_opacity": {
                    "unit": "px",
                    "size": 0.299999999999999988897769753748434595763683319091796875,
                    "sizes": []
                },
                "padding": {
                    "unit": "em",
                    "top": "7",
                    "right": "0",
                    "bottom": "7",
                    "left": "0",
                    "isLinked": false
                },
                "padding_tablet": {
                    "unit": "em",
                    "top": "",
                    "right": "",
                    "bottom": "",
                    "left": "",
                    "isLinked": true
                },
                "padding_mobile": {
                    "unit": "em",
                    "top": "",
                    "right": "",
                    "bottom": "",
                    "left": "",
                    "isLinked": true
                },
                "__globals__": {
                    "background_color": "globals\/colors?id=bb890b8",
                    "background_color_b": "globals\/colors?id=639e8dd"
                }
            },
            "elements": [
                {
                    "id": "c7d4097",
                    "settings": {
                        "_column_size": 100,
                        "_inline_size": null,
                        "padding": {
                            "unit": "em",
                            "top": "2",
                            "right": "2",
                            "bottom": "2",
                            "left": "2",
                            "isLinked": true
                        },
                        "padding_tablet": {
                            "unit": "em",
                            "top": "",
                            "right": "",
                            "bottom": "",
                            "left": "",
                            "isLinked": true
                        },
                        "padding_mobile": {
                            "unit": "em",
                            "top": "",
                            "right": "",
                            "bottom": "",
                            "left": "",
                            "isLinked": true
                        },
                        "animation": "fadeInDown"
                    },
                    "elements": [
                        {
                            "id": "60e494b9",
                            "settings": {
                                "title": "Caring for all your family\u2019s dental needs.",
                                "align": "center",
                                "__globals__": {
                                    "title_color": "globals\/colors?id=text"
                                }
                            },
                            "elements": [],
                            "isInner": false,
                            "widgetType": "heading",
                            "elType": "widget"
                        },
                        {
                            "id": "3336c8d1",
                            "settings": {
                                "align": "center",
                                "__globals__": {
                                    "text_color": "globals\/colors?id=text"
                                }
                            },
                            "elements": [],
                            "isInner": false,
                            "widgetType": "text-editor",
                            "elType": "widget"
                        }
                    ],
                    "isInner": false,
                    "elType": "column"
                }
            ],
            "isInner": false,
            "elType": "section"
        },
        {
            "id": "1b875097",
            "settings": [],
            "elements": [
                {
                    "id": "2ea1ef4",
                    "settings": {
                        "_column_size": 100,
                        "_inline_size": null,
                        "margin": {
                            "unit": "em",
                            "top": "-7",
                            "right": "0",
                            "bottom": "0",
                            "left": "0",
                            "isLinked": false
                        },
                        "margin_tablet": {
                            "unit": "em",
                            "top": "",
                            "right": "",
                            "bottom": "",
                            "left": "",
                            "isLinked": true
                        },
                        "margin_mobile": {
                            "unit": "em",
                            "top": "",
                            "right": "",
                            "bottom": "",
                            "left": "",
                            "isLinked": true
                        },
                        "padding": {
                            "unit": "px",
                            "top": "0",
                            "right": "0",
                            "bottom": "0",
                            "left": "0",
                            "isLinked": false
                        }
                    },
                    "elements": [
                        {
                            "id": "26a52e76",
                            "settings": {
                                "structure": "30"
                            },
                            "elements": [
                                {
                                    "id": "331ea226",
                                    "settings": {
                                        "_column_size": 33,
                                        "_inline_size": null,
                                        "background_background": "classic",
                                        "border_radius": {
                                            "unit": "px",
                                            "top": "10",
                                            "right": "10",
                                            "bottom": "10",
                                            "left": "10",
                                            "isLinked": true
                                        },
                                        "box_shadow_box_shadow_type": "yes",
                                        "box_shadow_box_shadow": {
                                            "horizontal": 0,
                                            "vertical": 30,
                                            "blur": 600,
                                            "spread": 0,
                                            "color": "rgba(0, 0, 0, 0.1)"
                                        },
                                        "margin": {
                                            "unit": "px",
                                            "top": "10",
                                            "right": "10",
                                            "bottom": "10",
                                            "left": "10",
                                            "isLinked": true
                                        },
                                        "padding": {
                                            "unit": "em",
                                            "top": "2",
                                            "right": "2",
                                            "bottom": "2",
                                            "left": "2",
                                            "isLinked": true
                                        },
                                        "padding_tablet": {
                                            "unit": "em",
                                            "top": "2",
                                            "right": "1",
                                            "bottom": "2",
                                            "left": "1",
                                            "isLinked": false
                                        },
                                        "padding_mobile": {
                                            "unit": "em",
                                            "top": "2",
                                            "right": "2",
                                            "bottom": "2",
                                            "left": "2",
                                            "isLinked": true
                                        },
                                        "animation": "fadeInUp",
                                        "__globals__": {
                                            "background_color": "globals\/colors?id=text"
                                        }
                                    },
                                    "elements": [
                                        {
                                            "id": "105ffa35",
                                            "settings": {
                                                "selected_icon": {
                                                    "value": "material-icons md-chat_bubble_outline",
                                                    "library": "material-design-icons"
                                                },
                                                "title_text": "Consultation",
                                                "description_text": "Laoreet quisque conubia vivamus odio neque lobortis taciti urna facilisi",
                                                "title_size": "h4",
                                                "__globals__": {
                                                    "primary_color": "globals\/colors?id=bb890b8"
                                                }
                                            },
                                            "elements": [],
                                            "isInner": false,
                                            "widgetType": "icon-box",
                                            "elType": "widget"
                                        },
                                        {
                                            "id": "1e7fb0a8",
                                            "settings": {
                                                "text": "Chat us",
                                                "align": "center",
                                                "selected_icon": {
                                                    "value": "fas fa-chevron-right",
                                                    "library": "fa-solid"
                                                },
                                                "icon_align": "right",
                                                "icon_indent": {
                                                    "unit": "px",
                                                    "size": 7,
                                                    "sizes": []
                                                }
                                            },
                                            "elements": [],
                                            "isInner": false,
                                            "widgetType": "button",
                                            "elType": "widget"
                                        }
                                    ],
                                    "isInner": true,
                                    "elType": "column"
                                },
                                {
                                    "id": "5aae00ee",
                                    "settings": {
                                        "_column_size": 33,
                                        "_inline_size": null,
                                        "background_background": "classic",
                                        "border_radius": {
                                            "unit": "px",
                                            "top": "10",
                                            "right": "10",
                                            "bottom": "10",
                                            "left": "10",
                                            "isLinked": true
                                        },
                                        "box_shadow_box_shadow_type": "yes",
                                        "box_shadow_box_shadow": {
                                            "horizontal": 0,
                                            "vertical": 30,
                                            "blur": 600,
                                            "spread": 0,
                                            "color": "rgba(0, 0, 0, 0.1)"
                                        },
                                        "margin": {
                                            "unit": "px",
                                            "top": "10",
                                            "right": "10",
                                            "bottom": "10",
                                            "left": "10",
                                            "isLinked": true
                                        },
                                        "padding": {
                                            "unit": "em",
                                            "top": "2",
                                            "right": "2",
                                            "bottom": "2",
                                            "left": "2",
                                            "isLinked": true
                                        },
                                        "padding_tablet": {
                                            "unit": "em",
                                            "top": "2",
                                            "right": "1",
                                            "bottom": "2",
                                            "left": "1",
                                            "isLinked": false
                                        },
                                        "padding_mobile": {
                                            "unit": "em",
                                            "top": "2",
                                            "right": "2",
                                            "bottom": "2",
                                            "left": "2",
                                            "isLinked": true
                                        },
                                        "animation": "fadeInUp",
                                        "animation_delay": 200,
                                        "__globals__": {
                                            "background_color": "globals\/colors?id=text"
                                        }
                                    },
                                    "elements": [
                                        {
                                            "id": "60819665",
                                            "settings": {
                                                "selected_icon": {
                                                    "value": "material-icons md-edit_calendar",
                                                    "library": "material-design-icons"
                                                },
                                                "title_text": "Appointment",
                                                "description_text": "Laoreet quisque conubia vivamus odio neque lobortis taciti urna facilisi",
                                                "title_size": "h4",
                                                "__globals__": {
                                                    "primary_color": "globals\/colors?id=bb890b8"
                                                }
                                            },
                                            "elements": [],
                                            "isInner": false,
                                            "widgetType": "icon-box",
                                            "elType": "widget"
                                        },
                                        {
                                            "id": "4b351297",
                                            "settings": {
                                                "text": "Book Now",
                                                "align": "center",
                                                "selected_icon": {
                                                    "value": "fas fa-chevron-right",
                                                    "library": "fa-solid"
                                                },
                                                "icon_align": "right",
                                                "icon_indent": {
                                                    "unit": "px",
                                                    "size": 7,
                                                    "sizes": []
                                                }
                                            },
                                            "elements": [],
                                            "isInner": false,
                                            "widgetType": "button",
                                            "elType": "widget"
                                        }
                                    ],
                                    "isInner": true,
                                    "elType": "column"
                                },
                                {
                                    "id": "4be1cb1e",
                                    "settings": {
                                        "_column_size": 33,
                                        "_inline_size": null,
                                        "background_background": "classic",
                                        "border_radius": {
                                            "unit": "px",
                                            "top": "10",
                                            "right": "10",
                                            "bottom": "10",
                                            "left": "10",
                                            "isLinked": true
                                        },
                                        "box_shadow_box_shadow_type": "yes",
                                        "box_shadow_box_shadow": {
                                            "horizontal": 0,
                                            "vertical": 30,
                                            "blur": 600,
                                            "spread": 0,
                                            "color": "rgba(0, 0, 0, 0.1)"
                                        },
                                        "margin": {
                                            "unit": "px",
                                            "top": "10",
                                            "right": "10",
                                            "bottom": "10",
                                            "left": "10",
                                            "isLinked": true
                                        },
                                        "padding": {
                                            "unit": "em",
                                            "top": "2",
                                            "right": "2",
                                            "bottom": "2",
                                            "left": "2",
                                            "isLinked": true
                                        },
                                        "padding_tablet": {
                                            "unit": "em",
                                            "top": "2",
                                            "right": "1",
                                            "bottom": "2",
                                            "left": "1",
                                            "isLinked": false
                                        },
                                        "padding_mobile": {
                                            "unit": "em",
                                            "top": "2",
                                            "right": "2",
                                            "bottom": "2",
                                            "left": "2",
                                            "isLinked": true
                                        },
                                        "animation": "fadeInUp",
                                        "animation_delay": 400,
                                        "__globals__": {
                                            "background_color": "globals\/colors?id=text"
                                        }
                                    },
                                    "elements": [
                                        {
                                            "id": "5129630b",
                                            "settings": {
                                                "selected_icon": {
                                                    "value": "far fa-file-alt",
                                                    "library": "fa-regular"
                                                },
                                                "title_text": "Insight",
                                                "description_text": "Laoreet quisque conubia vivamus odio neque lobortis taciti urna facilisi",
                                                "title_size": "h4",
                                                "__globals__": {
                                                    "primary_color": "globals\/colors?id=bb890b8"
                                                }
                                            },
                                            "elements": [],
                                            "isInner": false,
                                            "widgetType": "icon-box",
                                            "elType": "widget"
                                        },
                                        {
                                            "id": "4eed858c",
                                            "settings": {
                                                "text": "Read Blog",
                                                "align": "center",
                                                "selected_icon": {
                                                    "value": "fas fa-chevron-right",
                                                    "library": "fa-solid"
                                                },
                                                "icon_align": "right",
                                                "icon_indent": {
                                                    "unit": "px",
                                                    "size": 7,
                                                    "sizes": []
                                                }
                                            },
                                            "elements": [],
                                            "isInner": false,
                                            "widgetType": "button",
                                            "elType": "widget"
                                        }
                                    ],
                                    "isInner": true,
                                    "elType": "column"
                                }
                            ],
                            "isInner": true,
                            "elType": "section"
                        }
                    ],
                    "isInner": false,
                    "elType": "column"
                }
            ],
            "isInner": false,
            "elType": "section"
        },
        {
            "id": "29c8e303",
            "settings": {
                "content_position": "middle",
                "structure": "20",
                "padding": {
                    "unit": "em",
                    "top": "5",
                    "right": "0",
                    "bottom": "0",
                    "left": "0",
                    "isLinked": false
                },
                "padding_tablet": {
                    "unit": "em",
                    "top": "3",
                    "right": "0",
                    "bottom": "0",
                    "left": "0",
                    "isLinked": false
                },
                "padding_mobile": {
                    "unit": "em",
                    "top": "2",
                    "right": "0",
                    "bottom": "0",
                    "left": "0",
                    "isLinked": false
                },
                "reverse_order_mobile": "reverse-mobile"
            },
            "elements": [
                {
                    "id": "321dd574",
                    "settings": {
                        "_column_size": 50,
                        "_inline_size": 40,
                        "content_position": "bottom",
                        "padding": {
                            "unit": "em",
                            "top": "0",
                            "right": "3",
                            "bottom": "0",
                            "left": "3",
                            "isLinked": false
                        },
                        "padding_tablet": {
                            "unit": "em",
                            "top": "0",
                            "right": "0",
                            "bottom": "0",
                            "left": "0",
                            "isLinked": false
                        },
                        "padding_mobile": {
                            "unit": "em",
                            "top": "",
                            "right": "",
                            "bottom": "",
                            "left": "",
                            "isLinked": true
                        },
                        "animation": "fadeInUp"
                    },
                    "elements": [
                        {
                            "id": "8acb0df",
                            "settings": {
                                "image": {
                                    "url": "http:\/\/point.moxcreative.com\/dentalkit\/wp-content\/uploads\/sites\/29\/2022\/06\/img_1.png",
                                    "id": 257,
                                    "alt": "",
                                    "source": "library"
                                },
                                "image_size": "full",
                                "_background_background": "classic",
                                "_background_image": {
                                    "url": "http:\/\/point.moxcreative.com\/dentalkit\/wp-content\/uploads\/sites\/29\/2022\/06\/Pattern_1.png",
                                    "id": 258,
                                    "alt": "",
                                    "source": "library"
                                },
                                "_background_position": "center right",
                                "_background_repeat": "no-repeat"
                            },
                            "elements": [],
                            "isInner": false,
                            "widgetType": "image",
                            "elType": "widget"
                        }
                    ],
                    "isInner": false,
                    "elType": "column"
                },
                {
                    "id": "3dd43fad",
                    "settings": {
                        "_column_size": 50,
                        "_inline_size": 60,
                        "padding": {
                            "unit": "em",
                            "top": "3",
                            "right": "3",
                            "bottom": "3",
                            "left": "3",
                            "isLinked": true
                        },
                        "padding_tablet": {
                            "unit": "em",
                            "top": "",
                            "right": "",
                            "bottom": "",
                            "left": "",
                            "isLinked": true
                        },
                        "padding_mobile": {
                            "unit": "em",
                            "top": "2",
                            "right": "2",
                            "bottom": "2",
                            "left": "2",
                            "isLinked": true
                        },
                        "animation": "fadeInRight"
                    },
                    "elements": [
                        {
                            "id": "3388090c",
                            "settings": {
                                "title": "Need to connect with a specific office?",
                                "align_mobile": "center"
                            },
                            "elements": [],
                            "isInner": false,
                            "widgetType": "heading",
                            "elType": "widget"
                        },
                        {
                            "id": "29dcd377",
                            "settings": {
                                "align_mobile": "center"
                            },
                            "elements": [],
                            "isInner": false,
                            "widgetType": "text-editor",
                            "elType": "widget"
                        },
                        {
                            "id": "2adb6094",
                            "settings": {
                                "text": "Contact us",
                                "align_mobile": "center",
                                "size": "md"
                            },
                            "elements": [],
                            "isInner": false,
                            "widgetType": "button",
                            "elType": "widget"
                        }
                    ],
                    "isInner": false,
                    "elType": "column"
                }
            ],
            "isInner": false,
            "elType": "section"
        }
    ]
}